web_scraper_order,web_scraper_start_url,data-page-selector,multiple_data_0,images,athletes,allAthletes
"1764260579-1","https://skiclassics.com/pro-teams/","https://skiclassics.com/pro-teams/eks/","","https://skiclassics.com/wp-content/uploads/2023/03/TeamEksjohus__5F2A6685-scaled.jpg
https://skiclassics.com/wp-content/uploads/2023/03/BRZ_7842-scaled.jpg
https://skiclassics.com/wp-content/uploads/2023/03/TeamEksjohus__5F2A6645-scaled.jpg
https://skiclassics.com/wp-content/uploads/2023/03/TeamEksjohus__5F2A6445-scaled.jpg
https://skiclassics.com/wp-content/uploads/2023/03/TeamEksjohus__5F2A6625-scaled.jpg
https://skiclassics.com/wp-content/uploads/2023/03/TeamEksjohus__5F2A6480-scaled.jpg
https://skiclassics.com/wp-content/uploads/2023/03/TeamEksjohus__5F2A6528-scaled.jpg
https://skiclassics.com/wp-content/uploads/2024/10/TeamEksjohus__5F2A6696-scaled.jpg
https://skiclassics.com/wp-content/uploads/2023/03/TeamEksjohus__5F2A6561-scaled.jpg
https://skiclassics.com/wp-content/uploads/2023/03/TeamEksjohus__5F2A6496-1-scaled.jpg","Eirik Sverdrup Augdal

Axel Jutterstrom

Thomas Odegaarden

Morten Eide Pedersen

Jeremy Royer

Kati Roivas

Magni Smedas

Louise Lindstrom

Sofie Elebro

Vebjorn Moen","PRO TEAM ATHLETESEirik Sverdrup AugdalRANKING #6Axel JutterstromRANKING #9Thomas OdegaardenRANKING #11Morten Eide PedersenRANKING #18Jeremy RoyerRANKING #24Kati RoivasRANKING #31Magni SmedasRANKING #33Louise LindstromRANKING #43Sofie ElebroRANKING #52Vebjorn MoenRANKING #53"
"1764260583-2","https://skiclassics.com/pro-teams/","https://skiclassics.com/pro-teams/eds/","","https://skiclassics.com/wp-content/uploads/2023/03/Bing_Thomas.jpeg
https://skiclassics.com/wp-content/uploads/2024/10/Sedlacek_Vaclav.jpeg
https://skiclassics.com/wp-content/uploads/2023/03/Grohova_Karolina.jpeg
https://skiclassics.com/wp-content/uploads/2024/10/Bohaty_Ales-1.jpg
https://skiclassics.com/wp-content/uploads/2023/03/Hejna_Anna_Marie.jpeg
https://skiclassics.com/wp-content/uploads/2023/03/Stichling_Laura.jpeg
https://skiclassics.com/wp-content/uploads/2023/11/Kolaja_Petr.jpeg
https://skiclassics.com/wp-content/uploads/2024/12/Martan_Matyas.jpg
https://skiclassics.com/wp-content/uploads/2024/10/Nyberg_Emmi.jpeg
https://skiclassics.com/wp-content/uploads/2024/12/Becvar_Jakub.jpeg
https://skiclassics.com/wp-content/uploads/2024/12/Poul_Jachym-scaled.jpeg
https://skiclassics.com/wp-content/uploads/2025/09/Sibravova_Eliska-scaled.jpeg
https://skiclassics.com/wp-content/uploads/2024/12/Miranova_Tina.jpeg","Thomas Bing

Vaclav Sedlacek

Karolina Grohova

Ales Bohaty

Anna-Marie Hejna

Laura Stichling

Petr Kolaja

Matyas Martan

Emmi Nyberg

Jakub Becvar

Jachym Poul

Eliska Sibravova

Tina Miranova","PRO TEAM ATHLETESThomas BingRANKING #25Vaclav SedlacekRANKING #77Karolina GrohovaRANKING #114Ales BohatyRANKING #119Anna-Marie HejnaRANKING #144Laura StichlingRANKING #168Petr KolajaRANKING #210Matyas MartanRANKING #339Emmi NybergRANKING #397Jakub BecvarRANKING #1642Jachym PoulRANKING #6115Eliska SibravovaRANKING #7553Tina Miranova"
"1764260586-3","https://skiclassics.com/pro-teams/","https://skiclassics.com/pro-teams/lag/","","https://skiclassics.com/wp-content/uploads/2023/03/Emil-Persson-Profile-Picture-1.png
https://skiclassics.com/wp-content/uploads/2023/03/Oskar-Kardin-Profile-Picture-2.png
https://skiclassics.com/wp-content/uploads/2023/03/Alvar-Myhlback-Profile-Picture-1.png
https://skiclassics.com/wp-content/uploads/2023/03/Runar-Skaug-Mathisen-Profile-Picture.png
https://skiclassics.com/wp-content/uploads/2023/03/EINAR-KALLAND-OLSEN-profile-picture.jpg
https://skiclassics.com/wp-content/uploads/2023/03/Jenny-Larsson-Profile-Picture.png
https://skiclassics.com/wp-content/uploads/2023/03/Nils-Dahlsten-Profile-Picture-1.png
https://skiclassics.com/wp-content/uploads/2023/03/Karolina-Hedenstrom-Profile-Picture.png
https://skiclassics.com/wp-content/uploads/2023/03/Linnea-Johansson-Profile-Picture-1.png","Emil Persson

Oskar Kardin

Alvar Myhlback

Runar Skaug Mathisen

Einar Kalland-Olsen

Jenny Larsson

Nils Dahlsten

Karolina Hedenstrom

Linnea Johansson","PRO TEAM ATHLETESEmil PerssonRANKING #12Oskar KardinRANKING #16Alvar MyhlbackRANKING #19Runar Skaug MathisenRANKING #21Einar Kalland-OlsenRANKING #26Jenny LarssonRANKING #27Nils DahlstenRANKING #39Karolina HedenstromRANKING #48Linnea JohanssonRANKING #84"
"1764260589-4","https://skiclassics.com/pro-teams/","https://skiclassics.com/pro-teams/tad/","","https://skiclassics.com/wp-content/uploads/2023/03/Kasper-Stadaas.jpeg
https://skiclassics.com/wp-content/uploads/2023/03/Screenshot-2024-02-09-at-23.50.47.png
https://skiclassics.com/wp-content/uploads/2023/03/Amund-scaled.jpeg
https://skiclassics.com/wp-content/uploads/2023/03/Screenshot-2024-02-09-at-23.51.30.png
https://skiclassics.com/wp-content/uploads/2023/03/BRZ_7334-scaled.jpg
https://skiclassics.com/wp-content/uploads/2023/03/Mathias-Aas-Rolid.jpeg
https://skiclassics.com/wp-content/uploads/2023/03/Gaute-scaled.jpeg
https://skiclassics.com/wp-content/uploads/2025/09/Anne-Kjersti-Kalva-scaled.jpeg
https://skiclassics.com/wp-content/uploads/2025/09/Sophia-Laukli.jpeg","Kasper Stadaas

Max Novak

Amund Riege

Petter Stakston

Silje Oyre Slind

Mathias Aas Rolid

Gaute Kvale

Anne Kjersti Kalvaa

Sophia Laukli","PRO TEAM ATHLETESKasper StadaasRANKING #4Max NovakRANKING #7Amund RiegeRANKING #15Petter StakstonRANKING #22Silje Oyre SlindRANKING #28Mathias Aas RolidRANKING #45Gaute KvaleRANKING #233Anne Kjersti KalvaaSophia Laukli"
"1764260592-5","https://skiclassics.com/pro-teams/","https://skiclassics.com/pro-teams/eng/","","https://skiclassics.com/wp-content/uploads/2023/03/Anikken.jpg
https://skiclassics.com/wp-content/uploads/2023/03/Torleif.jpg
https://skiclassics.com/wp-content/uploads/2023/03/Ole-JA¸rgen.jpg
https://skiclassics.com/wp-content/uploads/2023/03/Amund.jpg
https://skiclassics.com/wp-content/uploads/2023/03/Johan.jpg
https://skiclassics.com/wp-content/uploads/2023/03/Hanna.jpg
https://skiclassics.com/wp-content/uploads/2023/03/Anton-scaled.jpg
https://skiclassics.com/wp-content/uploads/2023/03/Ida-Dahl_Profile-Picture.jpg","Anikken Gjerde Alnes

Torleif Syrstad

Ole Jorgen Bruvoll

Amund Hoel

Johan Tjelle

Hanna Lodin

Anton Elvseth

Ida Dahl","PRO TEAM ATHLETESAnikken Gjerde AlnesRANKING #5Torleif SyrstadRANKING #8Ole Jorgen BruvollRANKING #10Amund HoelRANKING #13Johan TjelleRANKING #14Hanna LodinRANKING #38Anton ElvsethRANKING #50Ida DahlRANKING #95"
"1764260595-6","https://skiclassics.com/pro-teams/","https://skiclassics.com/pro-teams/rob/","","https://skiclassics.com/wp-content/uploads/2023/09/GUSTAV-ERIKSSON-TEAM-SLAVIA-POJISTOVNA-ROBINSON-TRENTINO.png
https://skiclassics.com/wp-content/uploads/2023/03/FABIAN-STOCEK-TEAM-SLAVIA-POJISTOVNA-ROBINSON-TRENTINO.png
https://skiclassics.com/wp-content/uploads/2023/09/SIMON-VUILLET-TEAM-SLAVIA-POJISTOVNA-ROBINSON-TRENTINO.png
https://skiclassics.com/wp-content/uploads/2023/03/ODANER1.png
https://skiclassics.com/wp-content/uploads/2023/03/TEREZA-HUJEROVA-TEAM-SLAVIA-POJISTOVNA-ROBINSON-TRENTINO.png
https://skiclassics.com/wp-content/uploads/2023/03/TORDAS1.png
https://skiclassics.com/wp-content/uploads/2023/03/MICHAELA-PATSCHEIDER-TEAM-SLAVIA-POJISTOVNA-ROBINSON-TRENTINO.png
https://skiclassics.com/wp-content/uploads/2023/09/HANNA-FINE-TEAM-SLAVIA-POJISTOVNA-ROBINSON-TRENTINO1.png
https://skiclassics.com/wp-content/uploads/2023/03/STANIS1.png
https://skiclassics.com/wp-content/uploads/2023/03/JAKOB-WALTHER-TEAM-SLAVIA-POJISTOVNA-ROBINSON-TRENTINO.png
https://skiclassics.com/wp-content/uploads/2025/10/CRISTI1.png
https://skiclassics.com/wp-content/uploads/2025/10/CATERI1.png","Gustav Eriksson

Fabian Stocek

Simon Vuillet

Oda Nerdrum

Tereza Hujerova

Tord Asle Gjerdalen

Michaela Patscheider

Hanna Fine

Stanislav Rezac

Jakob Walther

Cristian Bertagnolli

Caterina Cozzolino","PRO TEAM ATHLETESGustav ErikssonRANKING #36Fabian StocekRANKING #49Simon VuilletRANKING #65Oda NerdrumRANKING #81Tereza HujerovaRANKING #92Tord Asle GjerdalenRANKING #93Michaela PatscheiderRANKING #97Hanna FineRANKING #106Stanislav RezacRANKING #116Jakob WaltherRANKING #228Cristian BertagnolliRANKING #1493Caterina CozzolinoRANKING #6911"
"1764260599-7","https://skiclassics.com/pro-teams/","https://skiclassics.com/pro-teams/trc/","","https://skiclassics.com/wp-content/uploads/2023/03/Screenshot-2024-02-09-at-23.36.24.png
https://skiclassics.com/wp-content/uploads/2023/03/BRZ_7680-scaled.jpg
https://skiclassics.com/wp-content/uploads/2025/10/BRZ_7687-scaled.jpg
https://skiclassics.com/wp-content/uploads/2023/03/MikaelGunnulfsen.jpg
https://skiclassics.com/wp-content/uploads/2025/10/MartheBj›rnsg†rd.jpeg
https://skiclassics.com/wp-content/uploads/2025/10/H†vardTaugb›l.jpg
https://skiclassics.com/wp-content/uploads/2025/10/AnnaAukland.jpg","Johan Hoel

Andreas Nygaard

Stina Nilsson

Mikael Gunnulfsen

Marthe Bjornsgaard

Havard Taugbol

Anna Aukland","PRO TEAM ATHLETESJohan HoelRANKING #2Andreas NygaardRANKING #3Stina NilssonRANKING #17Mikael GunnulfsenRANKING #269Marthe BjornsgaardRANKING #675Havard TaugbolRANKING #3169Anna AuklandRANKING #8443"
"1764260602-8","https://skiclassics.com/pro-teams/","https://skiclassics.com/pro-teams/ram/","","https://skiclassics.com/wp-content/uploads/2023/03/BRZ_7767-scaled.jpg
https://skiclassics.com/wp-content/uploads/2023/03/Magnus-Vesterheim-1-rotated.jpg
https://skiclassics.com/wp-content/uploads/2023/03/BRZ_7729-scaled.jpg
https://skiclassics.com/wp-content/uploads/2023/03/BRZ_7747-scaled.jpg
https://skiclassics.com/wp-content/uploads/2023/03/BRZ_7761-scaled.jpg
https://skiclassics.com/wp-content/uploads/2023/03/BRZ_7745-scaled.jpg
https://skiclassics.com/wp-content/uploads/2024/10/Anton-Persson_profil.png
https://skiclassics.com/wp-content/uploads/2024/02/Truls-Gisselman_profil.jpg
https://skiclassics.com/wp-content/uploads/2024/10/Hjalmar-Oscarsson_profil.jpg
https://skiclassics.com/wp-content/uploads/2024/10/Tova-Andersson_profil.jpg","Emilie Fleten

Magnus Vesterheim

Alfred Buskqvist

Herman Paus

Thomas Joly

Julie Kvale Stostad

Anton Persson

Truls Gisselman

Hjalmar Oscarsson

Tova Andersson","PRO TEAM ATHLETESEmilie FletenRANKING #1Magnus VesterheimRANKING #20Alfred BuskqvistRANKING #29Herman PausRANKING #32Thomas JolyRANKING #42Julie Kvale StostadRANKING #62Anton PerssonRANKING #63Truls GisselmanRANKING #140Hjalmar OscarssonRANKING #205Tova AnderssonRANKING #230"
"1764260605-9","https://skiclassics.com/pro-teams/","https://skiclassics.com/pro-teams/tne/","","https://skiclassics.com/wp-content/uploads/2023/09/Nathan-Jouannon-profile-picture-1.jpg
https://skiclassics.com/wp-content/uploads/2023/09/Screenshot-2024-02-09-at-23.27.25.png
https://skiclassics.com/wp-content/uploads/2023/09/Antoine-Millet-profile-picture-scaled.jpeg
https://skiclassics.com/wp-content/uploads/2023/09/Boris-Berglez-profile-picture-scaled.jpg
https://skiclassics.com/wp-content/uploads/2023/09/Elio-Jarriand-profile-picture.jpg
https://skiclassics.com/wp-content/uploads/2023/09/Suzette-Christin-profile-picture.jpg
https://skiclassics.com/wp-content/uploads/2023/09/Alice-Bourdin-profile-picture.jpg","Nathan Jouannon

Leonie Harivel

Antoine Millet

Boris Berglez

Elio Jarriand

Suzette Christin

Alice Bourdin","PRO TEAM ATHLETESNathan JouannonRANKING #111Leonie HarivelRANKING #146Antoine MilletRANKING #185Boris BerglezRANKING #273Elio JarriandRANKING #743Suzette ChristinRANKING #891Alice Bourdin"
"1764260608-10","https://skiclassics.com/pro-teams/","https://skiclassics.com/pro-teams/sol/","","https://skiclassics.com/wp-content/uploads/2023/03/Halvor-Korbol-Thoner-profilbilde.jpg
https://skiclassics.com/wp-content/uploads/2023/03/Ole-Eirik-Fuglehaug-Ekrem-profilbilde-1.jpg
https://skiclassics.com/wp-content/uploads/2023/03/Camilla-Brors-profilbilde.jpg
https://skiclassics.com/wp-content/uploads/2024/10/Maren-Navarrete-Aaberg-profilbilde.jpg
https://skiclassics.com/wp-content/uploads/2023/03/Thea-Sorum-profilbilde.jpg
https://skiclassics.com/wp-content/uploads/2023/03/J況gen-Harby-profilbilde.jpg","Halvor Korbol Thoner

Ole Eirik Fuglehaug Ekrem

Camilla Broers

Maren Aberg

Thea Sorum

Jorgen Harby","PRO TEAM ATHLETESHalvor Korbol ThonerRANKING #103Ole Eirik Fuglehaug EkremRANKING #112Camilla BroersRANKING #147Maren AbergRANKING #180Thea SorumRANKING #1356Jorgen HarbyRANKING #1383"
"1764260612-11","https://skiclassics.com/pro-teams/","https://skiclassics.com/pro-teams/bsv/","We give our young athletes enough time to develop step by step without any pressure. Our long-term goal is to eventually develop a Top 10 skier for Switzerland,”","https://skiclassics.com/wp-content/uploads/2023/03/BRZ_7599-scaled.jpg
https://skiclassics.com/wp-content/uploads/2023/03/BRZ_7615-scaled.jpg
https://skiclassics.com/wp-content/uploads/2023/03/BRZ_7607-scaled.jpg
https://skiclassics.com/wp-content/uploads/2023/03/Christian-Winker-profile-picture.jpeg
https://skiclassics.com/wp-content/uploads/2023/03/GianLuca-Wenger-profile-picture.jpg
https://skiclassics.com/wp-content/uploads/2023/03/BRZ_7602-scaled.jpg
https://skiclassics.com/wp-content/uploads/2023/03/BSV-Franziska-Muller-scaled.jpg","Katerina Paul

Lauro Brandli

Curdin Raz

Christian Winker

Gianluca Wenger

Noelie Maurin

Franziska Muller","PRO TEAM ATHLETESKaterina PaulRANKING #148Lauro BrandliRANKING #152Curdin RazRANKING #181Christian WinkerRANKING #183Gianluca WengerRANKING #194Noelie MaurinRANKING #207Franziska MullerRANKING #240"
"1764260615-12","https://skiclassics.com/pro-teams/","https://skiclassics.com/pro-teams/ntn/","","https://skiclassics.com/wp-content/uploads/2025/09/Aud-Oyen-Halas-profile-picture.jpg
https://skiclassics.com/wp-content/uploads/2025/09/Ask-Tveiten-profile-picture.jpg
https://skiclassics.com/wp-content/uploads/2025/09/Mie-Sorensen-profile-picture.jpg
https://skiclassics.com/wp-content/uploads/2025/09/Julie-Meinicke-profile-picture.jpg
https://skiclassics.com/wp-content/uploads/2025/09/Ida-Mathiesen-profile-picture.jpg
https://skiclassics.com/wp-content/uploads/2025/09/Ferdinand-Fremming-profile-picture.jpg
https://skiclassics.com/wp-content/uploads/2025/09/Per-Finstad-profile-picture.jpg
https://skiclassics.com/wp-content/uploads/2025/09/Aurora-Jernberg-profile-picture.jpg
https://skiclassics.com/wp-content/uploads/2025/11/Nora-Doksrod.png","Aud Oyen Halas

Ask Tveiten

Mie Christine Stangeland Soerensen

Julie Meinicke

Ida Fuglenes Mathiesen

Ferdinand Fremming

Per Finstad

Aurora Wilkens Jernberg

Nora Doksrod","PRO TEAM ATHLETESAud Oyen HalasRANKING #197Ask TveitenRANKING #671Mie Christine Stangeland SoerensenRANKING #691Julie MeinickeRANKING #1077Ida Fuglenes MathiesenRANKING #5870Ferdinand FremmingRANKING #6623Per FinstadAurora Wilkens JernbergNora Doksrod"
"1764260618-13","https://skiclassics.com/pro-teams/","https://skiclassics.com/pro-teams/edu/","","https://skiclassics.com/wp-content/uploads/2023/03/Isac-Holmstrom.jpeg
https://skiclassics.com/wp-content/uploads/2023/03/Sofia-Lindberg.jpeg
https://skiclassics.com/wp-content/uploads/2023/03/Miro-Karppanen-e1759127928481.jpeg
https://skiclassics.com/wp-content/uploads/2023/03/Olli-Tyrvainen.jpeg
https://skiclassics.com/wp-content/uploads/2023/03/Lauri-Mannila-e1759127961166.jpeg
https://skiclassics.com/wp-content/uploads/2023/03/Markku-Kouva.jpeg
https://skiclassics.com/wp-content/uploads/2023/03/Emmi-Lamsa.png
https://skiclassics.com/wp-content/uploads/2025/10/Ella-Noora-Haapalehto-e1760515738962.jpeg","Isac Holmstrom

Sofia Lindberg

Miro Karppanen

Olli Tyrvainen

Lauri Mannila

Markku Kouva

Emmi Lamsa

Ella Noora Haapalehto","PRO TEAM ATHLETESIsac HolmstromRANKING #59Sofia LindbergRANKING #82Miro KarppanenRANKING #90Olli TyrvainenRANKING #99Lauri MannilaRANKING #206Markku KouvaRANKING #582Emmi LamsaElla Noora Haapalehto"
"1764260622-14","https://skiclassics.com/pro-teams/","https://skiclassics.com/pro-teams/bkn/","","https://skiclassics.com/wp-content/uploads/2023/03/Bangman_Hedda.jpg
https://skiclassics.com/wp-content/uploads/2023/03/Screenshot-2024-02-10-at-11.14.52.png
https://skiclassics.com/wp-content/uploads/2023/05/magnus.jpeg
https://skiclassics.com/wp-content/uploads/2023/05/petter-northug.jpeg
https://skiclassics.com/wp-content/uploads/2023/03/Fanny-e1759828051793.jpeg
https://skiclassics.com/wp-content/uploads/2023/03/Maren-e1759828103535.jpeg
https://skiclassics.com/wp-content/uploads/2024/01/GUKILDPROFIL.jpeg
https://skiclassics.com/wp-content/uploads/2025/10/Julie-V-e1759827992480.jpeg","Hedda Bangman

Joar Thele

Magnus Waaler

Petter Northug

Fanny Endresen

Maren Engeskaug Nielsen

Emil Gukild

Julie Victoria Berg","PRO TEAM ATHLETESHedda BangmanRANKING #51Joar TheleRANKING #60Magnus WaalerRANKING #94Petter NorthugRANKING #105Fanny EndresenRANKING #143Maren Engeskaug NielsenRANKING #166Emil GukildRANKING #936Julie Victoria BergRANKING #7912"
"1764260625-15","https://skiclassics.com/pro-teams/","https://skiclassics.com/pro-teams/tft/","","https://skiclassics.com/wp-content/uploads/2023/03/Nilsson-Klas-profile-picture.jpeg
https://skiclassics.com/wp-content/uploads/2023/03/Ponti-Giacomo-profile-picture-scaled.jpg
https://skiclassics.com/wp-content/uploads/2023/03/Mich-Stefano-profile-picture.jpeg
https://skiclassics.com/wp-content/uploads/2023/03/Flochon-July-Laurie-profile-picture-scaled.jpg
https://skiclassics.com/wp-content/uploads/2023/03/Ivarsson-Emma-profile-picture-1.jpg
https://skiclassics.com/wp-content/uploads/2023/03/Dal-Magro-Stefano-profile-picture.jpg
https://skiclassics.com/wp-content/uploads/2023/03/Armellini-Mattia-profile-picture-scaled.jpg
https://skiclassics.com/wp-content/uploads/2023/03/Mich-Riccardo-profile-picture-2.jpg
https://skiclassics.com/wp-content/uploads/2023/03/Gaillard-Margaux-profile-picture-scaled.jpg","Klas Nilsson

Giacomo Ponti

Stefano Mich

Laurie Flochon Joly

Emma Ivarsson

Stefano Dal Magro

Mattia Armellini

Riccardo Mich

Margaux Gaillard","PRO TEAM ATHLETESKlas NilssonRANKING #47Giacomo PontiRANKING #91Stefano MichRANKING #96Laurie Flochon JolyRANKING #107Emma IvarssonRANKING #127Stefano Dal MagroRANKING #128Mattia ArmelliniRANKING #129Riccardo MichRANKING #173Margaux GaillardRANKING #196"
"1764260628-16","https://skiclassics.com/pro-teams/","https://skiclassics.com/pro-teams/syn/","","https://skiclassics.com/wp-content/uploads/2023/05/per-ingvar.jpeg
https://skiclassics.com/wp-content/uploads/2024/10/Orjan-Walseth-scaled.jpg
https://skiclassics.com/wp-content/uploads/2025/10/Teodor-Danilsson.png
https://skiclassics.com/wp-content/uploads/2025/10/Hanna-Johansson-scaled.jpg
https://skiclassics.com/wp-content/uploads/2024/10/Ulrik-Emil-Eriksen-2006.jpg
https://skiclassics.com/wp-content/uploads/2025/10/Espen-Benjaminsen.jpg
https://skiclassics.com/wp-content/uploads/2025/10/Agnes-Ohrn-scaled.jpeg
https://skiclassics.com/wp-content/uploads/2025/10/Profilbilde-Oskar-Flaen-Fjellheim-1-scaled.jpg
https://skiclassics.com/wp-content/uploads/2023/05/thumbnail_bakgrund-pro-team-398x597-1.png","Per Ingvar Tollehaug

Orjan Walseth

Theodor Danielsson

Hanna Johansson

Ulrik Emil Eriksen

Espen Benjaminsen

Agnes Ohrn

Oskar Fjellheim

Anna Zoltak","PRO TEAM ATHLETESPer Ingvar TollehaugRANKING #123Orjan WalsethRANKING #188Theodor DanielssonRANKING #243Hanna JohanssonRANKING #452Ulrik Emil EriksenRANKING #482Espen BenjaminsenRANKING #1291Agnes OhrnRANKING #1415Oskar FjellheimRANKING #4039Anna Zoltak"
"1764260631-17","https://skiclassics.com/pro-teams/","https://skiclassics.com/pro-teams/yth/","","https://skiclassics.com/wp-content/uploads/2023/03/Marcus-Johansson-Profile-Picture-1.png
https://skiclassics.com/wp-content/uploads/2024/10/BRUNO-DETTMANN-profile-picture-scaled.jpg
https://skiclassics.com/wp-content/uploads/2024/10/ANJA-STOLPE-profile-picture-scaled.jpg
https://skiclassics.com/wp-content/uploads/2024/10/Maja-Majback.png
https://skiclassics.com/wp-content/uploads/2024/10/VALTER-BLOMBERG-profile-picture-scaled.jpg
https://skiclassics.com/wp-content/uploads/2024/10/LISA-ALRIK-profile-picture-scaled.jpg
https://skiclassics.com/wp-content/uploads/2024/10/VERA-MYHLBACK-profile-picture-scaled.jpg","Marcus Johansson

Bruno Dettmann

Anja Stolpe

Maja Majback

Valter Blomberg

Lisa Alrik

Vera Myhlback","PRO TEAM ATHLETESMarcus JohanssonRANKING #64Bruno DettmannRANKING #74Anja StolpeRANKING #104Maja MajbackRANKING #608Valter BlombergRANKING #976Lisa AlrikRANKING #1335Vera MyhlbackRANKING #2752"
"1764260634-18","https://skiclassics.com/pro-teams/","https://skiclassics.com/pro-teams/sta/","","https://skiclassics.com/wp-content/uploads/2023/09/BRZ_7656-scaled.jpg
https://skiclassics.com/wp-content/uploads/2023/03/Jonathan-Goppert-1.jpg
https://skiclassics.com/wp-content/uploads/2024/01/Markus-Kcheler.jpeg
https://skiclassics.com/wp-content/uploads/2023/03/BRZ_7636-scaled.jpg
https://skiclassics.com/wp-content/uploads/2023/09/BRZ_7643-scaled.jpg
https://skiclassics.com/wp-content/uploads/2023/03/BRZ_7646-scaled.jpg
https://skiclassics.com/wp-content/uploads/2023/09/BRZ_7665-scaled.jpg
https://skiclassics.com/wp-content/uploads/2024/10/BRZ_7649-scaled.jpg
https://skiclassics.com/wp-content/uploads/2023/03/BRZ_7655-scaled.jpg
https://skiclassics.com/wp-content/uploads/2024/10/BRZ_7659-scaled.jpg
https://skiclassics.com/wp-content/uploads/2025/10/Aaron-Foto-SC.png","Stefan Falk

Jonathan Goppert

Markus Kocheler

Florian Gobel

Matthias Waldauf

Nicole Donzallaz

Luisa Griessbaum

Nicole Troger

Lorenz Gruber

Cecil Kumpel

Aaron Gunnarsson","PRO TEAM ATHLETESStefan FalkRANKING #136Jonathan GoppertRANKING #162Markus KochelerRANKING #170Florian GobelRANKING #190Matthias WaldaufRANKING #215Nicole DonzallazRANKING #224Luisa GriessbaumRANKING #229Nicole TrogerRANKING #238Lorenz GruberRANKING #335Cecil KumpelRANKING #417Aaron GunnarssonRANKING #16140"
"1764260638-19","https://skiclassics.com/pro-teams/","https://skiclassics.com/pro-teams/tro/","","https://skiclassics.com/wp-content/uploads/2023/03/BRZ_8220-scaled.jpg
https://skiclassics.com/wp-content/uploads/2023/09/Henrik-Tolo.png
https://skiclassics.com/wp-content/uploads/2023/03/BRZ_8227-scaled.jpg
https://skiclassics.com/wp-content/uploads/2023/03/BRZ_8223-scaled.jpg
https://skiclassics.com/wp-content/uploads/2025/09/Olav-Adelsten-Kildal-profile-picture.jpg
https://skiclassics.com/wp-content/uploads/2025/09/Eva-Helene-Andberg-profile-picture.jpg
https://skiclassics.com/wp-content/uploads/2025/09/Ingeborg-Marvik-Dahl-Rystad-profile-picture-e1759821834734.jpg","Hans Petter Rolke

Henrik Vik Tolo

Hanne Skulbru

Stefano Zanotto

Olav Adelsten Kildal

Eva Helene Andberg

Ingeborg Rystad","PRO TEAM ATHLETESHans Petter RolkeRANKING #57Henrik Vik ToloRANKING #72Hanne SkulbruRANKING #135Stefano ZanottoRANKING #191Olav Adelsten KildalRANKING #3381Eva Helene AndbergRANKING #5286Ingeborg Rystad"
"1764260641-20","https://skiclassics.com/pro-teams/","https://skiclassics.com/pro-teams/gse/","","https://skiclassics.com/wp-content/uploads/2023/03/BRZ_7386-scaled.jpg
https://skiclassics.com/wp-content/uploads/2023/03/Rickard-Ericsson-profile-picture.jpg
https://skiclassics.com/wp-content/uploads/2025/10/Markus-Hallen-Johansson-profile-picture.jpg
https://skiclassics.com/wp-content/uploads/2024/10/Maja-Heikki-profile-picture.jpeg
https://skiclassics.com/wp-content/uploads/2024/10/Matilda-Bandefur-profile-picture.jpeg
https://skiclassics.com/wp-content/uploads/2025/02/Emelie-Olsson-profile-picture.jpg
https://skiclassics.com/wp-content/uploads/2025/02/Edvin-Hakansson-profile-picture.jpg
https://skiclassics.com/wp-content/uploads/2024/10/Emil-Nykvist-profile-picture.jpeg","Gabriel Strid

Rickard Ericsson

Markus Hallen Johansson

Maja Heikki

Matilda Bandefur

Emelie Olsson

Edvin Hakansson

Emil Nykvist","PRO TEAM ATHLETESGabriel StridRANKING #55Rickard EricssonRANKING #89Markus Hallen JohanssonRANKING #155Maja HeikkiRANKING #227Matilda BandefurRANKING #1271Emelie OlssonRANKING #2379Edvin HakanssonRANKING #2526Emil NykvistRANKING #5259"
"1764260644-21","https://skiclassics.com/pro-teams/","https://skiclassics.com/pro-teams/and/","","https://skiclassics.com/wp-content/uploads/2024/10/Ivar-Ryttervold.jpg
https://skiclassics.com/wp-content/uploads/2024/10/Halvor-Kleivi.jpg
https://skiclassics.com/wp-content/uploads/2024/10/Kjetil-Baanerud.jpg
https://skiclassics.com/wp-content/uploads/2024/10/Viljar-Buer.jpg
https://skiclassics.com/wp-content/uploads/2023/03/Sigrid-Bye.jpg
https://skiclassics.com/wp-content/uploads/2024/10/Erling-Moseby.jpg
https://skiclassics.com/wp-content/uploads/2025/10/Martin-2.jpg
https://skiclassics.com/wp-content/uploads/2025/01/Sandra-Sirevag-rotated.jpg
https://skiclassics.com/wp-content/uploads/2024/10/Hedda-Nerdrum.jpg
https://skiclassics.com/wp-content/uploads/2025/10/Oda.jpg","Ivar Andre Ryttervold

Halvor Kleivi

Kjetil Stuge Banerud

Viljar Buer Christensen

Sigrid Bye

Erling Moseby

Martin Mobrathen

Sandra Vestly Sirevag

Hedda Nerdrum

Oda Aanestad","PRO TEAM ATHLETESIvar Andre RyttervoldRANKING #113Halvor KleiviRANKING #161Kjetil Stuge BanerudRANKING #177Viljar Buer ChristensenRANKING #221Sigrid ByeRANKING #285Erling MosebyRANKING #303Martin MobrathenRANKING #430Sandra Vestly SirevagRANKING #606Hedda NerdrumRANKING #754Oda AanestadRANKING #1353"
"1764260647-22","https://skiclassics.com/pro-teams/","https://skiclassics.com/pro-teams/emt/","","https://skiclassics.com/wp-content/uploads/2023/03/Johan-Osterlund-Team-Emtec-Nordic-Profile-Picture.jpg
https://skiclassics.com/wp-content/uploads/2023/03/Kevin-Schilling-Team-Emtec-Nordic-Profile-Picture.jpg
https://skiclassics.com/wp-content/uploads/2025/11/Gian-Jorger-Team-Emtec-Nordic-Profile-Picture.jpg
https://skiclassics.com/wp-content/uploads/2023/03/Marlies-Nipius-Team-Emtec-Nordic-Profile-Picture.jpg
https://skiclassics.com/wp-content/uploads/2023/03/Adrian-Bosshart-Team-Emtec-Nordic-Profile-Picture.jpg
https://skiclassics.com/wp-content/uploads/2023/03/Manuela-Deigentesch-Team-Emtec-Nordic-Profile-Picture.jpg
https://skiclassics.com/wp-content/uploads/2025/11/Ivo-Spadin-Team-Emtec-Nordic-Profile-Picture.jpg
https://skiclassics.com/wp-content/uploads/2023/03/Robin-Locher-Team-Emtec-Nordic-Profile-Picture.jpg
https://skiclassics.com/wp-content/uploads/2023/03/Valerie-Widmer-Team-Emtec-Nordic-Profile-Picture.jpg
https://skiclassics.com/wp-content/uploads/2025/11/Samuel-Szczotka-Team-Emtec-Nordic-Profile-Picture.jpg","Johan Osterlund

Kevin Schilling

Gian Jorger

Marlies Nipius

Adrian Bosshart

Manuela Deigentesch

Ivo Spadin

Robin Locher

Valerie Widmer

Samuel Szczotka","PRO TEAM ATHLETESJohan OsterlundRANKING #232Kevin SchillingRANKING #283Gian JorgerRANKING #409Marlies NipiusRANKING #416Adrian BosshartRANKING #450Manuela DeigenteschRANKING #557Ivo SpadinRANKING #815Robin LocherRANKING #2129Valerie WidmerRANKING #5931Samuel Szczotka"
"1764260651-23","https://skiclassics.com/pro-teams/","https://skiclassics.com/pro-teams/kaf/","This underdog team based in Norway is not here to take part – we are here to take over,”","https://skiclassics.com/wp-content/uploads/2023/03/Fredrik-Helgestad-scaled.jpg
https://skiclassics.com/wp-content/uploads/2023/03/Henrik-Syverinsen-scaled.jpg
https://skiclassics.com/wp-content/uploads/2023/03/Haakon-Holden-scaled.jpg
https://skiclassics.com/wp-content/uploads/2023/03/Vetle-Thyli-scaled.jpg
https://skiclassics.com/wp-content/uploads/2023/03/Sandra-Schutzova-scaled.jpg
https://skiclassics.com/wp-content/uploads/2023/03/Ingrid-Aabrekk.jpeg
https://skiclassics.com/wp-content/uploads/2025/09/Helene-Haugen.jpg","Fredrik Helgestad

Henrik Haugland Syverinsen

Haakon Holden

Vetle Thyli

Sandra Schutzova

Ingrid Bergene Aabrekk

Helene Ekrheim Haugen","PRO TEAM ATHLETESFredrik HelgestadRANKING #34Henrik Haugland SyverinsenRANKING #35Haakon HoldenRANKING #41Vetle ThyliRANKING #54Sandra SchutzovaRANKING #71Ingrid Bergene AabrekkRANKING #1463Helene Ekrheim Haugen"
"1764260654-24","https://skiclassics.com/pro-teams/","https://skiclassics.com/pro-teams/dan/","","https://skiclassics.com/wp-content/uploads/2023/03/BRZ_8163-scaled.jpg
https://skiclassics.com/wp-content/uploads/2023/03/BRZ_8166-scaled.jpg
https://skiclassics.com/wp-content/uploads/2023/03/Tobias-Dargatz-1.jpg
https://skiclassics.com/wp-content/uploads/2025/10/Lovisa-Kjerstensson.jpg
https://skiclassics.com/wp-content/uploads/2023/05/joachim-thrane.png
https://skiclassics.com/wp-content/uploads/2025/10/Erica-Smedberg.jpg
https://skiclassics.com/wp-content/uploads/2025/10/Sara-Elfstrom-e1759755299822.jpg","Sune Elmose

Madelene Halvardsson

Tobias Dargatz

Lovisa Kjerstensson

Joachim Thrane

Erica Smedberg

Sara Elfstrom","PRO TEAM ATHLETESSune ElmoseRANKING #192Madelene HalvardssonRANKING #252Tobias DargatzRANKING #258Lovisa KjerstenssonRANKING #572Joachim ThraneRANKING #962Erica SmedbergRANKING #970Sara ElfstromRANKING #22587"
"1764260657-25","https://skiclassics.com/pro-teams/","https://skiclassics.com/pro-teams/bru/","","https://skiclassics.com/wp-content/uploads/2023/03/Lassi-Juhanoja-profile-pic57.png
https://skiclassics.com/wp-content/uploads/2023/03/Madelein-Nord-profile-pic92.png
https://skiclassics.com/wp-content/uploads/2023/03/Alexandra-Nielson-profile-pic98.png
https://skiclassics.com/wp-content/uploads/2023/03/Jenny-Ramstedt-profile-pic5.png
https://skiclassics.com/wp-content/uploads/2023/03/Caroline-Olsson-profile-pic97.png
https://skiclassics.com/wp-content/uploads/2023/03/Henric-Thuander-profile-pic99.png
https://skiclassics.com/wp-content/uploads/2023/03/Anton-Schaper-profile-pic33.png
https://skiclassics.com/wp-content/uploads/2023/03/Ruldolf-Dohnal-profile-Pic62.png
https://skiclassics.com/wp-content/uploads/2023/03/Richter-Johannes-profile-pic.png
https://skiclassics.com/wp-content/uploads/2023/03/Alexandra-Hoffmann-profile-pic51.png","Lassi Juhanoja

Madelene Nord

Alexandra Nilsson

Jenny Ramstedt

Caroline Olsson

Henric Thunander

Anton Schaper

Rudolf Dohnal

Johannes Richter

Alexandra Hoffmann","PRO TEAM ATHLETESLassi JuhanojaRANKING #156Madelene NordRANKING #160Alexandra NilssonRANKING #214Jenny RamstedtRANKING #263Caroline OlssonRANKING #266Henric ThunanderRANKING #282Anton SchaperRANKING #7564Rudolf DohnalRANKING #9374Johannes RichterAlexandra Hoffmann"
"1764260660-26","https://skiclassics.com/pro-teams/","https://skiclassics.com/pro-teams/amk/","","https://skiclassics.com/wp-content/uploads/2024/10/Simen_Ramstad.png
https://skiclassics.com/wp-content/uploads/2024/10/Erik_Ola_Jorde.jpeg
https://skiclassics.com/wp-content/uploads/2024/10/Halfdan_Thomas_Baumann.jpeg
https://skiclassics.com/wp-content/uploads/2024/10/Halvor_Bade.jpeg
https://skiclassics.com/wp-content/uploads/2024/10/Erling_Owren.jpeg
https://skiclassics.com/wp-content/uploads/2024/10/Astrid_Arnesen.jpeg
https://skiclassics.com/wp-content/uploads/2024/10/Martine_Engen.jpeg
https://skiclassics.com/wp-content/uploads/2024/10/Hermine_Widding.jpeg","Simen Ramstad

Erik Ola Jorde

Halfdan Thomas Baumann

Halvor Bade

Erling Nyborg Owren

Astrid Arnesen

Martine Grottum Engen

Hermine Widding","PRO TEAM ATHLETESSimen RamstadRANKING #46Erik Ola JordeRANKING #98Halfdan Thomas BaumannRANKING #124Halvor BadeRANKING #133Erling Nyborg OwrenRANKING #164Astrid ArnesenRANKING #198Martine Grottum EngenRANKING #209Hermine Widding"
"1764260663-27","https://skiclassics.com/pro-teams/","https://skiclassics.com/pro-teams/int/","","https://skiclassics.com/wp-content/uploads/2023/03/BRZ_7877-scaled.jpg
https://skiclassics.com/wp-content/uploads/2023/03/BRZ_7852-scaled.jpg
https://skiclassics.com/wp-content/uploads/2023/03/BRZ_7856-scaled.jpg
https://skiclassics.com/wp-content/uploads/2023/03/BRZ_7880-scaled.jpg
https://skiclassics.com/wp-content/uploads/2023/03/BRZ_7862-scaled.jpg
https://skiclassics.com/wp-content/uploads/2023/03/BRZ_7859-scaled.jpg
https://skiclassics.com/wp-content/uploads/2023/03/BRZ_7873-scaled.jpg
https://skiclassics.com/wp-content/uploads/2024/02/ANNA-GIORDAN-SKI-CLASSICS.jpg","Lorenzo Busin

Francesco Ferrari

Christian Lorenzi

Anna Schmidhofer

Malin Borjesjo

Sadurni Betriu Boix

Thomas Rinner

Anna Giordan","PRO TEAM ATHLETESLorenzo BusinRANKING #61Francesco FerrariRANKING #75Christian LorenziRANKING #110Anna SchmidhoferRANKING #150Malin BorjesjoRANKING #157Sadurni Betriu BoixRANKING #169Thomas RinnerRANKING #172Anna GiordanRANKING #325"
"1764260666-28","https://skiclassics.com/pro-teams/","https://skiclassics.com/pro-teams/goh/","","https://skiclassics.com/wp-content/uploads/2023/03/BRZ_8087-scaled.jpg
https://skiclassics.com/wp-content/uploads/2023/03/BRZ_8084-scaled.jpg
https://skiclassics.com/wp-content/uploads/2023/03/BRZ_8098-scaled.jpg
https://skiclassics.com/wp-content/uploads/2023/03/BRZ_8090-scaled.jpg
https://skiclassics.com/wp-content/uploads/2024/04/Joel-Bjornlinger.jpg
https://skiclassics.com/wp-content/uploads/2023/03/Moa-Hansson-profile-picture.jpg","Johannes Eklof

Elias Andersson

Julia Angelsioo

Hilda Lof

Joel Bjornlinger

Moa Hansson","PRO TEAM ATHLETESJohannes EklofRANKING #30Elias AnderssonRANKING #40Julia AngelsiooRANKING #101Hilda LofRANKING #120Joel BjornlingerRANKING #244Moa HanssonRANKING #277"
"1764260670-29","https://skiclassics.com/pro-teams/","https://skiclassics.com/pro-teams/sjl/","Team Sjusjøen Langløp","https://skiclassics.com/wp-content/uploads/2023/03/Henning-Lie-profilbilde.jpg
https://skiclassics.com/wp-content/uploads/2023/09/Henrik-Arntzen-Joks-profilbilde-scaled.jpg
https://skiclassics.com/wp-content/uploads/2023/03/Hanna-Sandholt-Hansen-profilbilde.jpg
https://skiclassics.com/wp-content/uploads/2023/03/Marie-Renee-Sorum-Gangso-profilbilde-scaled.jpg
https://skiclassics.com/wp-content/uploads/2023/03/Jonas-Bergli-profilbilde.jpg
https://skiclassics.com/wp-content/uploads/2023/03/Karen-Amalie-Nordseth-profilbilde.jpg
https://skiclassics.com/wp-content/uploads/2023/09/Bastien-Laurent-profilbilde.jpg
https://skiclassics.com/wp-content/uploads/2024/10/Anders-Grini-profilbilde.jpg","Henning Lie

Henrik Arntzen Joks

Hanna Sandholt Hansen

Marie Renee Sorum Gangso

Jonas Bergli

Karen Amalie Nordseth

Bastien Laurent

Anders Grini","PRO TEAM ATHLETESHenning LieRANKING #68Henrik Arntzen JoksRANKING #70Hanna Sandholt HansenRANKING #78Marie Renee Sorum GangsoRANKING #88Jonas BergliRANKING #108Karen Amalie NordsethRANKING #109Bastien LaurentRANKING #118Anders GriniRANKING #216"
